{
    "global": {
        "mean": 0.052862070005042,
        "std": 0.8545290780554254,
        "mean_range": [
            -0.3248080909252167,
            0.3985937833786011
        ],
        "std_range": [
            0.25791093707084656,
            1.6392185688018799
        ]
    },
    "global_per_channel": {
        "mean": [
            -0.02259175479412079,
            0.15769439935684204,
            0.11865854263305664,
            -0.04231330007314682
        ],
        "std": [
            0.5321300625801086,
            1.0965663194656372,
            0.9665060639381409,
            0.31147515773773193
        ],
        "mean_range": [
            [
                -0.4684132933616638,
                -1.0147053003311157,
                -0.9749870300292969,
                -0.18182604014873505
            ],
            [
                0.548358678817749,
                1.1723885536193848,
                1.0291504859924316,
                0.1421014964580536
            ]
        ],
        "std_range": [
            [
                0.17508259415626526,
                0.30581051111221313,
                0.282615602016449,
                0.10323364287614822
            ],
            [
                1.0653525590896606,
                2.247565507888794,
                1.9636439085006714,
                0.574396550655365
            ]
        ]
    },
    "per_organ": {
        "brain": {
            "mean": 0.07191793071887942,
            "std": 1.1120396210956496,
            "mean_range": [
                -0.3248080909252167,
                0.3985937833786011
            ],
            "std_range": [
                0.28991663455963135,
                1.6392185688018799
            ]
        },
        "pancreas": {
            "mean": 0.03506877017054974,
            "std": 0.6140800964184828,
            "mean_range": [
                -0.2569129765033722,
                0.32819247245788574
            ],
            "std_range": [
                0.25791093707084656,
                0.8882381319999695
            ]
        }
    },
    "per_organ_per_channel": {
        "brain": {
            "mean": [
                -0.03705433073777109,
                0.22316773634193782,
                0.15123593828275111,
                -0.04967761720091154
            ],
            "std": [
                0.7074561588798124,
                1.4834873384424168,
                1.2900183435910606,
                0.39111180113868255
            ],
            "mean_range": [
                [
                    -0.4684132933616638,
                    -1.0147053003311157,
                    -0.9749870300292969,
                    -0.16854529082775116
                ],
                [
                    0.548358678817749,
                    1.1723885536193848,
                    1.0291504859924316,
                    0.1421014964580536
                ]
            ],
            "std_range": [
                [
                    0.22966794669628143,
                    0.3254665732383728,
                    0.30636510252952576,
                    0.10323364287614822
                ],
                [
                    1.0653525590896606,
                    2.247565507888794,
                    1.9636439085006714,
                    0.574396550655365
                ]
            ]
        },
        "pancreas": {
            "mean": [
                -0.009087405587574869,
                0.09655962076433827,
                0.08824004760555182,
                -0.035437184860899355
            ],
            "std": [
                0.3684231879789445,
                0.735280190438078,
                0.6644311167001266,
                0.2371156158783862
            ],
            "mean_range": [
                [
                    -0.37392541766166687,
                    -0.7998359203338623,
                    -0.764843761920929,
                    -0.18182604014873505
                ],
                [
                    0.43615686893463135,
                    0.9434012770652771,
                    0.8398116230964661,
                    0.10464030504226685
                ]
            ],
            "std_range": [
                [
                    0.17508259415626526,
                    0.30581051111221313,
                    0.282615602016449,
                    0.13775253295898438
                ],
                [
                    0.4594688415527344,
                    0.9707086682319641,
                    0.8218287229537964,
                    0.30585551261901855
                ]
            ]
        }
    }
}